{"cameraMode":{"drawMode":0,"name":"Shaded","section":"Shading Mode"},"sceneLighting":true,"audioPlay":false,"sceneViewState":{"showFog":true,"showMaterialUpdate":false,"showSkybox":true,"showFlares":true,"showImageEffects":true,"showParticleSystems":true},"in2DMode":false,"pivot":{"x":0.3007826507091522,"y":5.1930012702941898,"z":-5.390801906585693},"rotation":{"x":0.27481144666671755,"y":0.005768959876149893,"z":-0.0016491484129801393,"w":0.9614803194999695},"size":4.387639999389648,"orthographic":false}