{"cameraMode":{"drawMode":0,"name":"Shaded","section":"Shading Mode"},"sceneLighting":true,"audioPlay":false,"sceneViewState":{"showFog":true,"showMaterialUpdate":false,"showSkybox":true,"showFlares":true,"showImageEffects":true,"showParticleSystems":true},"in2DMode":false,"pivot":{"x":-0.4683069586753845,"y":5.624342918395996,"z":-5.070136070251465},"rotation":{"x":0.38524043560028078,"y":-0.11908803135156632,"z":0.05020894482731819,"w":0.9137251377105713},"size":-0.9854049682617188,"orthographic":false}